timeStamp,elapsed,label,responseCode,responseMessage,threadName,dataType,success,failureMessage,bytes,sentBytes,grpThreads,allThreads,Latency,IdleTime,Connect
1546451598753,193,HTTP Request,Non HTTP response code: java.net.NoRouteToHostException,Non HTTP response message: Keine Route zum Zielrechner (Host unreachable),http://www.example.com 1-79,text,false,,2141,0,100,100,0,0,193
1546451598757,188,HTTP Request,Non HTTP response code: java.net.NoRouteToHostException,Non HTTP response message: Keine Route zum Zielrechner (Host unreachable),http://www.example.com 1-25,text,false,,2141,0,100,100,0,0,188
1546451598737,207,HTTP Request,Non HTTP response code: java.net.NoRouteToHostException,Non HTTP response message: Keine Route zum Zielrechner (Host unreachable),http://www.example.com 1-45,text,false,,2141,0,100,100,0,0,207
1546451598744,200,HTTP Request,Non HTTP response code: java.net.NoRouteToHostException,Non HTTP response message: Keine Route zum Zielrechner (Host unreachable),http://www.example.com 1-28,text,false,,2141,0,100,100,0,0,199
1546451598752,193,HTTP Request,Non HTTP response code: java.net.NoRouteToHostException,Non HTTP response message: Keine Route zum Zielrechner (Host unreachable),http://www.example.com 1-78,text,false,,2141,0,100,100,0,0,193
1546451598744,201,HTTP Request,Non HTTP response code: java.net.NoRouteToHostException,Non HTTP response message: Keine Route zum Zielrechner (Host unreachable),http://www.example.com 1-49,text,false,,2141,0,100,100,0,0,201
1546451598735,209,HTTP Request,Non HTTP response code: java.net.NoRouteToHostException,Non HTTP response message: Keine Route zum Zielrechner (Host unreachable),http://www.example.com 1-43,text,false,,2141,0,100,100,0,0,209
1546451598744,201,HTTP Request,Non HTTP response code: java.net.NoRouteToHostException,Non HTTP response message: Keine Route zum Zielrechner (Host unreachable),http://www.example.com 1-56,text,false,,2141,0,100,100,0,0,201
1546451598744,200,HTTP Request,Non HTTP response code: java.net.NoRouteToHostException,Non HTTP response message: Keine Route zum Zielrechner (Host unreachable),http://www.example.com 1-22,text,false,,2141,0,100,100,0,0,200
1546451598743,206,HTTP Request,Non HTTP response code: java.net.NoRouteToHostException,Non HTTP response message: Keine Route zum Zielrechner (Host unreachable),http://www.example.com 1-53,text,false,,2141,0,95,95,0,0,206
1546451598743,206,HTTP Request,Non HTTP response code: java.net.NoRouteToHostException,Non HTTP response message: Keine Route zum Zielrechner (Host unreachable),http://www.example.com 1-52,text,false,,2141,0,94,94,0,0,206
1546451598752,198,HTTP Request,Non HTTP response code: java.net.NoRouteToHostException,Non HTTP response message: Keine Route zum Zielrechner (Host unreachable),http://www.example.com 1-77,text,false,,2141,0,94,94,0,0,198
1546451598737,216,HTTP Request,Non HTTP response code: java.net.NoRouteToHostException,Non HTTP response message: Keine Route zum Zielrechner (Host unreachable),http://www.example.com 1-70,text,false,,2141,0,93,93,0,0,216
1546451598743,210,HTTP Request,Non HTTP response code: java.net.NoRouteToHostException,Non HTTP response message: Keine Route zum Zielrechner (Host unreachable),http://www.example.com 1-8,text,false,,2141,0,93,93,0,0,210
1546451598737,223,HTTP Request,Non HTTP response code: java.net.NoRouteToHostException,Non HTTP response message: Keine Route zum Zielrechner (Host unreachable),http://www.example.com 1-32,text,false,,2141,0,89,89,0,0,223
1546451598737,223,HTTP Request,Non HTTP response code: java.net.NoRouteToHostException,Non HTTP response message: Keine Route zum Zielrechner (Host unreachable),http://www.example.com 1-36,text,false,,2141,0,86,86,0,0,223
1546451598740,221,HTTP Request,Non HTTP response code: java.net.NoRouteToHostException,Non HTTP response message: Keine Route zum Zielrechner (Host unreachable),http://www.example.com 1-2,text,false,,2141,0,85,85,0,0,221
1546451598751,209,HTTP Request,Non HTTP response code: java.net.NoRouteToHostException,Non HTTP response message: Keine Route zum Zielrechner (Host unreachable),http://www.example.com 1-76,text,false,,2141,0,89,89,0,0,209
1546451598737,224,HTTP Request,Non HTTP response code: java.net.NoRouteToHostException,Non HTTP response message: Keine Route zum Zielrechner (Host unreachable),http://www.example.com 1-44,text,false,,2141,0,83,83,0,0,224
1546451598737,224,HTTP Request,Non HTTP response code: java.net.NoRouteToHostException,Non HTTP response message: Keine Route zum Zielrechner (Host unreachable),http://www.example.com 1-33,text,false,,2141,0,81,81,0,0,224
1546451598737,223,HTTP Request,Non HTTP response code: java.net.NoRouteToHostException,Non HTTP response message: Keine Route zum Zielrechner (Host unreachable),http://www.example.com 1-60,text,false,,2141,0,89,89,0,0,223
1546451598737,222,HTTP Request,Non HTTP response code: java.net.NoRouteToHostException,Non HTTP response message: Keine Route zum Zielrechner (Host unreachable),http://www.example.com 1-37,text,false,,2141,0,89,89,0,0,222
1546451598740,219,HTTP Request,Non HTTP response code: java.net.NoRouteToHostException,Non HTTP response message: Keine Route zum Zielrechner (Host unreachable),http://www.example.com 1-54,text,false,,2141,0,89,89,0,0,219
1546451598739,220,HTTP Request,Non HTTP response code: java.net.NoRouteToHostException,Non HTTP response message: Keine Route zum Zielrechner (Host unreachable),http://www.example.com 1-3,text,false,,2141,0,89,89,0,0,220
1546451598737,222,HTTP Request,Non HTTP response code: java.net.NoRouteToHostException,Non HTTP response message: Keine Route zum Zielrechner (Host unreachable),http://www.example.com 1-4,text,false,,2141,0,89,89,0,0,222
1546451598753,206,HTTP Request,Non HTTP response code: java.net.NoRouteToHostException,Non HTTP response message: Keine Route zum Zielrechner (Host unreachable),http://www.example.com 1-80,text,false,,2141,0,77,77,0,0,206
1546451598743,213,HTTP Request,Non HTTP response code: java.net.NoRouteToHostException,Non HTTP response message: Keine Route zum Zielrechner (Host unreachable),http://www.example.com 1-27,text,false,,2141,0,91,91,0,0,211
1546451598737,218,HTTP Request,Non HTTP response code: java.net.NoRouteToHostException,Non HTTP response message: Keine Route zum Zielrechner (Host unreachable),http://www.example.com 1-39,text,false,,2141,0,77,77,0,0,217
1546451598743,225,HTTP Request,Non HTTP response code: java.net.NoRouteToHostException,Non HTTP response message: Keine Route zum Zielrechner (Host unreachable),http://www.example.com 1-55,text,false,,2141,0,75,75,0,0,225
1546451598743,225,HTTP Request,Non HTTP response code: java.net.NoRouteToHostException,Non HTTP response message: Keine Route zum Zielrechner (Host unreachable),http://www.example.com 1-10,text,false,,2141,0,75,75,0,0,225
1546451598743,211,HTTP Request,Non HTTP response code: java.net.NoRouteToHostException,Non HTTP response message: Keine Route zum Zielrechner (Host unreachable),http://www.example.com 1-7,text,false,,2141,0,77,77,0,0,211
1546451598737,231,HTTP Request,Non HTTP response code: java.net.NoRouteToHostException,Non HTTP response message: Keine Route zum Zielrechner (Host unreachable),http://www.example.com 1-38,text,false,,2141,0,72,72,0,0,231
1546451598758,212,HTTP Request,Non HTTP response code: java.net.NoRouteToHostException,Non HTTP response message: Keine Route zum Zielrechner (Host unreachable),http://www.example.com 1-84,text,false,,2141,0,68,68,0,0,212
1546451598737,233,HTTP Request,Non HTTP response code: java.net.NoRouteToHostException,Non HTTP response message: Keine Route zum Zielrechner (Host unreachable),http://www.example.com 1-31,text,false,,2141,0,68,68,0,0,233
1546451598738,232,HTTP Request,Non HTTP response code: java.net.NoRouteToHostException,Non HTTP response message: Keine Route zum Zielrechner (Host unreachable),http://www.example.com 1-73,text,false,,2141,0,68,68,0,0,232
1546451598741,229,HTTP Request,Non HTTP response code: java.net.NoRouteToHostException,Non HTTP response message: Keine Route zum Zielrechner (Host unreachable),http://www.example.com 1-5,text,false,,2141,0,68,68,0,0,229
1546451598757,213,HTTP Request,Non HTTP response code: java.net.NoRouteToHostException,Non HTTP response message: Keine Route zum Zielrechner (Host unreachable),http://www.example.com 1-12,text,false,,2141,0,68,68,0,0,213
1546451598747,224,HTTP Request,Non HTTP response code: java.net.NoRouteToHostException,Non HTTP response message: Keine Route zum Zielrechner (Host unreachable),http://www.example.com 1-17,text,false,,2141,0,63,63,0,0,224
1546451598735,237,HTTP Request,Non HTTP response code: java.net.NoRouteToHostException,Non HTTP response message: Keine Route zum Zielrechner (Host unreachable),http://www.example.com 1-23,text,false,,2141,0,63,63,0,0,237
1546451598733,240,HTTP Request,Non HTTP response code: java.net.NoRouteToHostException,Non HTTP response message: Keine Route zum Zielrechner (Host unreachable),http://www.example.com 1-18,text,false,,2141,0,61,61,0,0,240
1546451598757,216,HTTP Request,Non HTTP response code: java.net.NoRouteToHostException,Non HTTP response message: Keine Route zum Zielrechner (Host unreachable),http://www.example.com 1-83,text,false,,2141,0,61,61,0,0,216
1546451598756,222,HTTP Request,Non HTTP response code: java.net.NoRouteToHostException,Non HTTP response message: Keine Route zum Zielrechner (Host unreachable),http://www.example.com 1-19,text,false,,2141,0,59,59,0,0,221
1546451598735,243,HTTP Request,Non HTTP response code: java.net.NoRouteToHostException,Non HTTP response message: Keine Route zum Zielrechner (Host unreachable),http://www.example.com 1-66,text,false,,2141,0,59,59,0,0,242
1546451598736,244,HTTP Request,Non HTTP response code: java.net.NoRouteToHostException,Non HTTP response message: Keine Route zum Zielrechner (Host unreachable),http://www.example.com 1-69,text,false,,2141,0,57,57,0,0,244
1546451598735,245,HTTP Request,Non HTTP response code: java.net.NoRouteToHostException,Non HTTP response message: Keine Route zum Zielrechner (Host unreachable),http://www.example.com 1-14,text,false,,2141,0,57,57,0,0,245
1546451598759,222,HTTP Request,Non HTTP response code: java.net.NoRouteToHostException,Non HTTP response message: Keine Route zum Zielrechner (Host unreachable),http://www.example.com 1-86,text,false,,2141,0,55,55,0,0,222
1546451598756,228,HTTP Request,Non HTTP response code: java.net.NoRouteToHostException,Non HTTP response message: Keine Route zum Zielrechner (Host unreachable),http://www.example.com 1-59,text,false,,2141,0,54,54,0,0,228
1546451598760,224,HTTP Request,Non HTTP response code: java.net.NoRouteToHostException,Non HTTP response message: Keine Route zum Zielrechner (Host unreachable),http://www.example.com 1-87,text,false,,2141,0,53,53,0,0,224
1546451598737,247,HTTP Request,Non HTTP response code: java.net.NoRouteToHostException,Non HTTP response message: Keine Route zum Zielrechner (Host unreachable),http://www.example.com 1-6,text,false,,2141,0,53,53,0,0,247
1546451598744,247,HTTP Request,Non HTTP response code: java.net.NoRouteToHostException,Non HTTP response message: Keine Route zum Zielrechner (Host unreachable),http://www.example.com 1-51,text,false,,2141,0,51,51,0,0,247
1546451598735,257,HTTP Request,Non HTTP response code: java.net.NoRouteToHostException,Non HTTP response message: Keine Route zum Zielrechner (Host unreachable),http://www.example.com 1-67,text,false,,2141,0,50,50,0,0,257
1546451598760,232,HTTP Request,Non HTTP response code: java.net.NoRouteToHostException,Non HTTP response message: Keine Route zum Zielrechner (Host unreachable),http://www.example.com 1-88,text,false,,2141,0,50,50,0,0,232
1546451598735,263,HTTP Request,Non HTTP response code: java.net.NoRouteToHostException,Non HTTP response message: Keine Route zum Zielrechner (Host unreachable),http://www.example.com 1-47,text,false,,2141,0,48,48,0,0,263
1546451598734,264,HTTP Request,Non HTTP response code: java.net.NoRouteToHostException,Non HTTP response message: Keine Route zum Zielrechner (Host unreachable),http://www.example.com 1-64,text,false,,2141,0,48,48,0,0,264
1546451598761,238,HTTP Request,Non HTTP response code: java.net.NoRouteToHostException,Non HTTP response message: Keine Route zum Zielrechner (Host unreachable),http://www.example.com 1-89,text,false,,2141,0,46,46,0,0,238
1546451598747,252,HTTP Request,Non HTTP response code: java.net.NoRouteToHostException,Non HTTP response message: Keine Route zum Zielrechner (Host unreachable),http://www.example.com 1-57,text,false,,2141,0,46,46,0,0,252
1546451598763,236,HTTP Request,Non HTTP response code: java.net.NoRouteToHostException,Non HTTP response message: Keine Route zum Zielrechner (Host unreachable),http://www.example.com 1-92,text,false,,2141,0,46,46,0,0,236
1546451598733,266,HTTP Request,Non HTTP response code: java.net.NoRouteToHostException,Non HTTP response message: Keine Route zum Zielrechner (Host unreachable),http://www.example.com 1-63,text,false,,2141,0,46,46,0,0,266
1546451598734,266,HTTP Request,Non HTTP response code: java.net.NoRouteToHostException,Non HTTP response message: Keine Route zum Zielrechner (Host unreachable),http://www.example.com 1-65,text,false,,2141,0,42,42,0,0,266
1546451598762,238,HTTP Request,Non HTTP response code: java.net.NoRouteToHostException,Non HTTP response message: Keine Route zum Zielrechner (Host unreachable),http://www.example.com 1-90,text,false,,2141,0,42,42,0,0,238
1546451598756,244,HTTP Request,Non HTTP response code: java.net.NoRouteToHostException,Non HTTP response message: Keine Route zum Zielrechner (Host unreachable),http://www.example.com 1-62,text,false,,2141,0,42,42,0,0,244
1546451598737,262,HTTP Request,Non HTTP response code: java.net.NoRouteToHostException,Non HTTP response message: Keine Route zum Zielrechner (Host unreachable),http://www.example.com 1-72,text,false,,2141,0,39,39,0,0,262
1546451598769,231,HTTP Request,Non HTTP response code: java.net.NoRouteToHostException,Non HTTP response message: Keine Route zum Zielrechner (Host unreachable),http://www.example.com 1-95,text,false,,2141,0,39,39,0,0,231
1546451598735,266,HTTP Request,Non HTTP response code: java.net.NoRouteToHostException,Non HTTP response message: Keine Route zum Zielrechner (Host unreachable),http://www.example.com 1-34,text,false,,2141,0,37,37,0,0,266
1546451598770,236,HTTP Request,Non HTTP response code: java.net.NoRouteToHostException,Non HTTP response message: Keine Route zum Zielrechner (Host unreachable),http://www.example.com 1-96,text,false,,2141,0,36,36,0,0,236
1546451598757,249,HTTP Request,Non HTTP response code: java.net.NoRouteToHostException,Non HTTP response message: Keine Route zum Zielrechner (Host unreachable),http://www.example.com 1-48,text,false,,2141,0,36,36,0,0,249
1546451598745,261,HTTP Request,Non HTTP response code: java.net.NoRouteToHostException,Non HTTP response message: Keine Route zum Zielrechner (Host unreachable),http://www.example.com 1-15,text,false,,2141,0,36,36,0,0,261
1546451598735,271,HTTP Request,Non HTTP response code: java.net.NoRouteToHostException,Non HTTP response message: Keine Route zum Zielrechner (Host unreachable),http://www.example.com 1-9,text,false,,2141,0,36,36,0,0,271
1546451598745,264,HTTP Request,Non HTTP response code: java.net.NoRouteToHostException,Non HTTP response message: Keine Route zum Zielrechner (Host unreachable),http://www.example.com 1-75,text,false,,2141,0,32,32,0,0,264
1546451598754,255,HTTP Request,Non HTTP response code: java.net.NoRouteToHostException,Non HTTP response message: Keine Route zum Zielrechner (Host unreachable),http://www.example.com 1-81,text,false,,2141,0,32,32,0,0,255
1546451598743,267,HTTP Request,Non HTTP response code: java.net.NoRouteToHostException,Non HTTP response message: Keine Route zum Zielrechner (Host unreachable),http://www.example.com 1-1,text,false,,2141,0,31,31,0,0,267
1546451598757,255,HTTP Request,Non HTTP response code: java.net.NoRouteToHostException,Non HTTP response message: Keine Route zum Zielrechner (Host unreachable),http://www.example.com 1-61,text,false,,2141,0,29,29,0,0,255
1546451598773,240,HTTP Request,Non HTTP response code: java.net.NoRouteToHostException,Non HTTP response message: Keine Route zum Zielrechner (Host unreachable),http://www.example.com 1-98,text,false,,2141,0,28,28,0,0,240
1546451598741,272,HTTP Request,Non HTTP response code: java.net.NoRouteToHostException,Non HTTP response message: Keine Route zum Zielrechner (Host unreachable),http://www.example.com 1-40,text,false,,2141,0,28,28,0,0,272
1546451598745,272,HTTP Request,Non HTTP response code: java.net.NoRouteToHostException,Non HTTP response message: Keine Route zum Zielrechner (Host unreachable),http://www.example.com 1-21,text,false,,2141,0,26,26,0,0,272
1546451598745,272,HTTP Request,Non HTTP response code: java.net.NoRouteToHostException,Non HTTP response message: Keine Route zum Zielrechner (Host unreachable),http://www.example.com 1-29,text,false,,2141,0,26,26,0,0,272
1546451598757,261,HTTP Request,Non HTTP response code: java.net.NoRouteToHostException,Non HTTP response message: Keine Route zum Zielrechner (Host unreachable),http://www.example.com 1-26,text,false,,2141,0,24,24,0,0,261
1546451598737,281,HTTP Request,Non HTTP response code: java.net.NoRouteToHostException,Non HTTP response message: Keine Route zum Zielrechner (Host unreachable),http://www.example.com 1-35,text,false,,2141,0,23,23,0,0,281
1546451598757,280,HTTP Request,Non HTTP response code: java.net.NoRouteToHostException,Non HTTP response message: Keine Route zum Zielrechner (Host unreachable),http://www.example.com 1-42,text,false,,2141,0,22,22,0,0,280
1546451598757,280,HTTP Request,Non HTTP response code: java.net.NoRouteToHostException,Non HTTP response message: Keine Route zum Zielrechner (Host unreachable),http://www.example.com 1-24,text,false,,2141,0,22,22,0,0,280
1546451598735,303,HTTP Request,Non HTTP response code: java.net.NoRouteToHostException,Non HTTP response message: Keine Route zum Zielrechner (Host unreachable),http://www.example.com 1-41,text,false,,2141,0,20,20,0,0,303
1546451598775,265,HTTP Request,Non HTTP response code: java.net.NoRouteToHostException,Non HTTP response message: Keine Route zum Zielrechner (Host unreachable),http://www.example.com 1-100,text,false,,2141,0,19,19,0,0,265
1546451598737,408,HTTP Request,200,OK,http://www.example.com 1-20,text,true,,1592,116,18,18,408,0,273
1546451599146,123,HTTP Request,200,OK,http://www.example.com 1-20,text,true,,1592,116,18,18,123,0,0
1546451599269,111,HTTP Request,200,OK,http://www.example.com 1-20,text,true,,1592,116,18,18,111,0,0
1546451599381,117,HTTP Request,200,OK,http://www.example.com 1-20,text,true,,1592,116,18,18,117,0,0
1546451599498,121,HTTP Request,200,OK,http://www.example.com 1-20,text,true,,1592,116,18,18,121,0,0
1546451599620,131,HTTP Request,200,OK,http://www.example.com 1-20,text,true,,1614,116,18,18,131,0,0
1546451598763,1086,HTTP Request,Non HTTP response code: java.net.NoRouteToHostException,Non HTTP response message: Keine Route zum Zielrechner (Host unreachable),http://www.example.com 1-91,text,false,,2141,0,18,18,0,0,1086
1546451598738,1113,HTTP Request,Non HTTP response code: java.net.NoRouteToHostException,Non HTTP response message: Keine Route zum Zielrechner (Host unreachable),http://www.example.com 1-71,text,false,,2141,0,17,17,0,0,1113
1546451598735,1116,HTTP Request,Non HTTP response code: java.net.NoRouteToHostException,Non HTTP response message: Keine Route zum Zielrechner (Host unreachable),http://www.example.com 1-46,text,false,,2141,0,17,17,0,0,1116
1546451598754,1098,HTTP Request,Non HTTP response code: java.net.NoRouteToHostException,Non HTTP response message: Keine Route zum Zielrechner (Host unreachable),http://www.example.com 1-82,text,false,,2141,0,15,15,0,0,1098
1546451598736,1116,HTTP Request,Non HTTP response code: java.net.NoRouteToHostException,Non HTTP response message: Keine Route zum Zielrechner (Host unreachable),http://www.example.com 1-68,text,false,,2141,0,15,15,0,0,1116
1546451598741,1111,HTTP Request,Non HTTP response code: java.net.NoRouteToHostException,Non HTTP response message: Keine Route zum Zielrechner (Host unreachable),http://www.example.com 1-11,text,false,,2141,0,13,13,0,0,1111
1546451598757,1095,HTTP Request,Non HTTP response code: java.net.NoRouteToHostException,Non HTTP response message: Keine Route zum Zielrechner (Host unreachable),http://www.example.com 1-16,text,false,,2141,0,13,13,0,0,1095
1546451598771,1082,HTTP Request,Non HTTP response code: java.net.NoRouteToHostException,Non HTTP response message: Keine Route zum Zielrechner (Host unreachable),http://www.example.com 1-97,text,false,,2141,0,11,11,0,0,1082
1546451598769,1084,HTTP Request,Non HTTP response code: java.net.NoRouteToHostException,Non HTTP response message: Keine Route zum Zielrechner (Host unreachable),http://www.example.com 1-94,text,false,,2141,0,11,11,0,0,1084
1546451599752,118,HTTP Request,200,OK,http://www.example.com 1-20,text,true,,1608,116,9,9,118,0,0
1546451598746,1231,HTTP Request,Non HTTP response code: java.net.NoRouteToHostException,Non HTTP response message: Keine Route zum Zielrechner (Host unreachable),http://www.example.com 1-50,text,false,,2141,0,9,9,0,0,1231
1546451598759,1218,HTTP Request,Non HTTP response code: java.net.NoRouteToHostException,Non HTTP response message: Keine Route zum Zielrechner (Host unreachable),http://www.example.com 1-85,text,false,,2141,0,9,9,0,0,1218
1546451598742,1236,HTTP Request,Non HTTP response code: java.net.NoRouteToHostException,Non HTTP response message: Keine Route zum Zielrechner (Host unreachable),http://www.example.com 1-74,text,false,,2141,0,7,7,0,0,1236
1546451598774,1204,HTTP Request,Non HTTP response code: java.net.NoRouteToHostException,Non HTTP response message: Keine Route zum Zielrechner (Host unreachable),http://www.example.com 1-99,text,false,,2141,0,7,7,0,0,1204
1546451598756,1223,HTTP Request,Non HTTP response code: java.net.NoRouteToHostException,Non HTTP response message: Keine Route zum Zielrechner (Host unreachable),http://www.example.com 1-13,text,false,,2141,0,7,7,0,0,1222
1546451598737,1242,HTTP Request,Non HTTP response code: java.net.NoRouteToHostException,Non HTTP response message: Keine Route zum Zielrechner (Host unreachable),http://www.example.com 1-30,text,false,,2141,0,7,7,0,0,1241
1546451598746,1234,HTTP Request,Non HTTP response code: java.net.NoRouteToHostException,Non HTTP response message: Keine Route zum Zielrechner (Host unreachable),http://www.example.com 1-58,text,false,,2141,0,3,3,0,0,1234
1546451599870,111,HTTP Request,200,OK,http://www.example.com 1-20,text,true,,1592,116,2,2,111,0,0
1546451599983,107,HTTP Request,200,OK,http://www.example.com 1-20,text,true,,1613,116,2,2,107,0,0
1546451598764,1365,HTTP Request,200,OK,http://www.example.com 1-93,text,true,,1613,116,2,2,1365,0,1225
1546451600090,120,HTTP Request,200,OK,http://www.example.com 1-20,text,true,,1608,116,2,2,120,0,0
1546451600130,112,HTTP Request,200,OK,http://www.example.com 1-93,text,true,,1613,116,2,2,112,0,0
1546451600210,108,HTTP Request,200,OK,http://www.example.com 1-20,text,true,,1597,116,2,2,108,0,0
1546451600243,125,HTTP Request,200,OK,http://www.example.com 1-93,text,true,,1592,116,2,2,124,0,0
1546451600318,112,HTTP Request,200,OK,http://www.example.com 1-20,text,true,,1614,116,2,2,111,0,0
1546451600368,118,HTTP Request,200,OK,http://www.example.com 1-93,text,true,,1614,116,2,2,118,0,0
1546451600430,127,HTTP Request,200,OK,http://www.example.com 1-20,text,true,,1608,116,2,2,127,0,0
1546451600487,125,HTTP Request,200,OK,http://www.example.com 1-93,text,true,,1592,116,2,2,124,0,0
1546451600558,119,HTTP Request,200,OK,http://www.example.com 1-20,text,true,,1613,116,2,2,119,0,0
1546451600612,118,HTTP Request,200,OK,http://www.example.com 1-93,text,true,,1608,116,2,2,118,0,0
1546451600678,119,HTTP Request,200,OK,http://www.example.com 1-20,text,true,,1592,116,2,2,119,0,0
1546451600730,111,HTTP Request,200,OK,http://www.example.com 1-93,text,true,,1613,116,2,2,111,0,0
1546451600842,17,HTTP Request,Non HTTP response code: java.net.NoRouteToHostException,Non HTTP response message: Keine Route zum Zielrechner (Host unreachable),http://www.example.com 1-93,text,false,,2141,0,2,2,0,0,17
1546451600798,234,HTTP Request,200,OK,http://www.example.com 1-20,text,true,,1608,116,1,1,232,0,114
1546451601033,115,HTTP Request,200,OK,http://www.example.com 1-20,text,true,,1597,116,1,1,115,0,0
1546451601149,132,HTTP Request,200,OK,http://www.example.com 1-20,text,true,,1592,116,1,1,132,0,0
1546451601281,119,HTTP Request,200,OK,http://www.example.com 1-20,text,true,,1608,116,1,1,119,0,0
1546451601401,119,HTTP Request,200,OK,http://www.example.com 1-20,text,true,,1592,116,1,1,119,0,0
1546451601521,119,HTTP Request,200,OK,http://www.example.com 1-20,text,true,,1597,116,1,1,119,0,0
1546451601641,121,HTTP Request,200,OK,http://www.example.com 1-20,text,true,,1597,116,1,1,121,0,0
1546451601763,114,HTTP Request,200,OK,http://www.example.com 1-20,text,true,,1608,116,1,1,114,0,0
1546451601878,107,HTTP Request,200,OK,http://www.example.com 1-20,text,true,,1592,116,1,1,107,0,0
1546451601985,118,HTTP Request,200,OK,http://www.example.com 1-20,text,true,,1608,116,1,1,118,0,0
1546451602104,120,HTTP Request,200,OK,http://www.example.com 1-20,text,true,,1597,116,1,1,120,0,0
1546451602225,115,HTTP Request,200,OK,http://www.example.com 1-20,text,true,,1592,116,1,1,115,0,0
1546451602341,120,HTTP Request,200,OK,http://www.example.com 1-20,text,true,,1592,116,1,1,120,0,0
1546451602462,111,HTTP Request,200,OK,http://www.example.com 1-20,text,true,,1592,116,1,1,111,0,0
1546451602573,110,HTTP Request,200,OK,http://www.example.com 1-20,text,true,,1592,116,1,1,110,0,0
1546451602683,115,HTTP Request,200,OK,http://www.example.com 1-20,text,true,,1597,116,1,1,114,0,0
1546451602798,223,HTTP Request,200,OK,http://www.example.com 1-20,text,true,,1592,116,1,1,223,0,110
1546451603022,114,HTTP Request,200,OK,http://www.example.com 1-20,text,true,,1592,116,1,1,114,0,0
1546451603137,119,HTTP Request,200,OK,http://www.example.com 1-20,text,true,,1613,116,1,1,119,0,0
1546451603256,112,HTTP Request,200,OK,http://www.example.com 1-20,text,true,,1614,116,1,1,112,0,0
1546451603369,110,HTTP Request,200,OK,http://www.example.com 1-20,text,true,,1592,116,1,1,110,0,0
1546451603479,132,HTTP Request,200,OK,http://www.example.com 1-20,text,true,,1592,116,1,1,132,0,0
1546451603611,111,HTTP Request,200,OK,http://www.example.com 1-20,text,true,,1614,116,1,1,110,0,0
1546451603722,118,HTTP Request,200,OK,http://www.example.com 1-20,text,true,,1592,116,1,1,118,0,0
1546451603841,109,HTTP Request,200,OK,http://www.example.com 1-20,text,true,,1592,116,1,1,109,0,0
1546451603951,119,HTTP Request,200,OK,http://www.example.com 1-20,text,true,,1614,116,1,1,119,0,0
1546451604071,110,HTTP Request,200,OK,http://www.example.com 1-20,text,true,,1613,116,1,1,110,0,0
1546451604182,108,HTTP Request,200,OK,http://www.example.com 1-20,text,true,,1592,116,1,1,107,0,0
1546451604291,104,HTTP Request,200,OK,http://www.example.com 1-20,text,true,,1592,116,1,1,104,0,0
1546451604396,120,HTTP Request,200,OK,http://www.example.com 1-20,text,true,,1592,116,1,1,120,0,0
1546451604516,120,HTTP Request,200,OK,http://www.example.com 1-20,text,true,,1597,116,1,1,120,0,0
1546451604636,114,HTTP Request,200,OK,http://www.example.com 1-20,text,true,,1592,116,1,1,114,0,0
1546451604751,107,HTTP Request,200,OK,http://www.example.com 1-20,text,true,,1592,116,1,1,107,0,0
1546451604859,241,HTTP Request,200,OK,http://www.example.com 1-20,text,true,,1592,116,1,1,241,0,115
1546451605101,110,HTTP Request,200,OK,http://www.example.com 1-20,text,true,,1592,116,1,1,110,0,0
1546451605211,117,HTTP Request,200,OK,http://www.example.com 1-20,text,true,,1614,116,1,1,117,0,0
1546451605329,126,HTTP Request,200,OK,http://www.example.com 1-20,text,true,,1592,116,1,1,126,0,0
1546451605455,118,HTTP Request,200,OK,http://www.example.com 1-20,text,true,,1592,116,1,1,118,0,0
1546451605573,112,HTTP Request,200,OK,http://www.example.com 1-20,text,true,,1614,116,1,1,112,0,0
1546451605686,112,HTTP Request,200,OK,http://www.example.com 1-20,text,true,,1592,116,1,1,112,0,0
1546451605798,114,HTTP Request,200,OK,http://www.example.com 1-20,text,true,,1613,116,1,1,114,0,0
1546451605912,123,HTTP Request,200,OK,http://www.example.com 1-20,text,true,,1614,116,1,1,123,0,0
1546451606036,118,HTTP Request,200,OK,http://www.example.com 1-20,text,true,,1592,116,1,1,118,0,0
1546451606155,111,HTTP Request,200,OK,http://www.example.com 1-20,text,true,,1597,116,1,1,111,0,0
1546451606266,107,HTTP Request,200,OK,http://www.example.com 1-20,text,true,,1592,116,1,1,107,0,0
1546451606374,109,HTTP Request,200,OK,http://www.example.com 1-20,text,true,,1592,116,1,1,109,0,0
1546451606484,109,HTTP Request,200,OK,http://www.example.com 1-20,text,true,,1608,116,1,1,109,0,0
1546451606594,109,HTTP Request,200,OK,http://www.example.com 1-20,text,true,,1613,116,1,1,109,0,0
1546451606704,114,HTTP Request,200,OK,http://www.example.com 1-20,text,true,,1592,116,1,1,114,0,0
1546451606818,105,HTTP Request,200,OK,http://www.example.com 1-20,text,true,,1613,116,1,1,105,0,0
1546451606924,245,HTTP Request,200,OK,http://www.example.com 1-20,text,true,,1613,116,1,1,245,0,118
1546451607169,107,HTTP Request,200,OK,http://www.example.com 1-20,text,true,,1592,116,1,1,107,0,0
1546451607277,109,HTTP Request,200,OK,http://www.example.com 1-20,text,true,,1597,116,1,1,109,0,0
1546451607386,109,HTTP Request,200,OK,http://www.example.com 1-20,text,true,,1592,116,1,1,109,0,0
1546451607495,114,HTTP Request,200,OK,http://www.example.com 1-20,text,true,,1592,116,1,1,114,0,0
1546451607610,134,HTTP Request,200,OK,http://www.example.com 1-20,text,true,,1597,116,1,1,134,0,0
1546451607745,113,HTTP Request,200,OK,http://www.example.com 1-20,text,true,,1592,116,1,1,113,0,0
1546451607858,126,HTTP Request,200,OK,http://www.example.com 1-20,text,true,,1613,116,1,1,126,0,0
1546451607985,105,HTTP Request,200,OK,http://www.example.com 1-20,text,true,,1592,116,1,1,105,0,0
1546451608090,106,HTTP Request,200,OK,http://www.example.com 1-20,text,true,,1614,116,1,1,106,0,0
1546451608196,115,HTTP Request,200,OK,http://www.example.com 1-20,text,true,,1592,116,1,1,115,0,0
1546451608312,109,HTTP Request,200,OK,http://www.example.com 1-20,text,true,,1614,116,1,1,109,0,0
1546451608421,118,HTTP Request,200,OK,http://www.example.com 1-20,text,true,,1608,116,1,1,118,0,0
1546451608539,110,HTTP Request,200,OK,http://www.example.com 1-20,text,true,,1613,116,1,1,110,0,0
1546451608649,109,HTTP Request,200,OK,http://www.example.com 1-20,text,true,,1592,116,1,1,109,0,0
1546451608760,116,HTTP Request,200,OK,http://www.example.com 1-20,text,true,,1592,116,1,1,116,0,0
1546451608876,110,HTTP Request,200,OK,http://www.example.com 1-20,text,true,,1592,116,1,1,110,0,0
1546451608986,233,HTTP Request,200,OK,http://www.example.com 1-20,text,true,,1597,116,1,1,233,0,109
1546451609220,109,HTTP Request,200,OK,http://www.example.com 1-20,text,true,,1597,116,1,1,108,0,0
1546451609329,110,HTTP Request,200,OK,http://www.example.com 1-20,text,true,,1592,116,1,1,110,0,0
1546451609439,111,HTTP Request,200,OK,http://www.example.com 1-20,text,true,,1592,116,1,1,111,0,0
1546451609551,118,HTTP Request,200,OK,http://www.example.com 1-20,text,true,,1592,116,1,1,118,0,0
1546451609670,110,HTTP Request,200,OK,http://www.example.com 1-20,text,true,,1592,116,1,1,110,0,0
1546451609781,109,HTTP Request,200,OK,http://www.example.com 1-20,text,true,,1614,116,1,1,109,0,0
1546451609890,109,HTTP Request,200,OK,http://www.example.com 1-20,text,true,,1608,116,1,1,109,0,0
1546451609999,119,HTTP Request,200,OK,http://www.example.com 1-20,text,true,,1592,116,1,1,119,0,0
1546451610121,109,HTTP Request,200,OK,http://www.example.com 1-20,text,true,,1613,116,1,1,109,0,0
1546451610231,109,HTTP Request,200,OK,http://www.example.com 1-20,text,true,,1597,116,1,1,109,0,0
1546451610340,119,HTTP Request,200,OK,http://www.example.com 1-20,text,true,,1592,116,1,1,119,0,0
1546451610460,116,HTTP Request,200,OK,http://www.example.com 1-20,text,true,,1592,116,1,1,116,0,0
1546451610576,118,HTTP Request,200,OK,http://www.example.com 1-20,text,true,,1592,116,1,1,118,0,0
1546451610695,111,HTTP Request,200,OK,http://www.example.com 1-20,text,true,,1592,116,1,1,111,0,0
1546451610806,110,HTTP Request,200,OK,http://www.example.com 1-20,text,true,,1608,116,1,1,110,0,0
1546451610916,108,HTTP Request,200,OK,http://www.example.com 1-20,text,true,,1614,116,1,1,108,0,0
1546451611025,251,HTTP Request,200,OK,http://www.example.com 1-20,text,true,,1608,116,1,1,251,0,127
1546451611277,106,HTTP Request,200,OK,http://www.example.com 1-20,text,true,,1613,116,1,1,106,0,0
1546451611384,110,HTTP Request,200,OK,http://www.example.com 1-20,text,true,,1592,116,1,1,110,0,0
1546451611494,120,HTTP Request,200,OK,http://www.example.com 1-20,text,true,,1613,116,1,1,120,0,0
1546451611614,119,HTTP Request,200,OK,http://www.example.com 1-20,text,true,,1592,116,1,1,119,0,0
1546451611734,117,HTTP Request,200,OK,http://www.example.com 1-20,text,true,,1613,116,1,1,117,0,0
1546451611851,112,HTTP Request,200,OK,http://www.example.com 1-20,text,true,,1592,116,1,1,112,0,0
1546451611963,112,HTTP Request,200,OK,http://www.example.com 1-20,text,true,,1608,116,1,1,112,0,0
1546451612076,127,HTTP Request,200,OK,http://www.example.com 1-20,text,true,,1597,116,1,1,127,0,0
1546451612204,110,HTTP Request,200,OK,http://www.example.com 1-20,text,true,,1592,116,1,1,110,0,0
1546451612314,108,HTTP Request,200,OK,http://www.example.com 1-20,text,true,,1592,116,1,1,108,0,0
1546451612422,112,HTTP Request,200,OK,http://www.example.com 1-20,text,true,,1592,116,1,1,112,0,0
1546451612534,119,HTTP Request,200,OK,http://www.example.com 1-20,text,true,,1597,116,1,1,119,0,0
1546451612654,110,HTTP Request,200,OK,http://www.example.com 1-20,text,true,,1613,116,1,1,110,0,0
1546451612764,121,HTTP Request,200,OK,http://www.example.com 1-20,text,true,,1592,116,1,1,121,0,0
1546451612885,117,HTTP Request,200,OK,http://www.example.com 1-20,text,true,,1608,116,1,1,116,0,0
1546451613002,112,HTTP Request,200,OK,http://www.example.com 1-20,text,true,,1614,116,1,1,112,0,0
1546451613114,246,HTTP Request,200,OK,http://www.example.com 1-20,text,true,,1608,116,1,1,246,0,112
1546451613361,130,HTTP Request,200,OK,http://www.example.com 1-20,text,true,,1592,116,1,1,130,0,0
1546451613491,109,HTTP Request,200,OK,http://www.example.com 1-20,text,true,,1592,116,1,1,109,0,0
1546451613600,111,HTTP Request,200,OK,http://www.example.com 1-20,text,true,,1592,116,1,1,111,0,0
1546451613711,110,HTTP Request,200,OK,http://www.example.com 1-20,text,true,,1608,116,1,1,110,0,0
1546451613821,123,HTTP Request,200,OK,http://www.example.com 1-20,text,true,,1592,116,1,1,123,0,0
1546451613945,106,HTTP Request,200,OK,http://www.example.com 1-20,text,true,,1613,116,1,1,106,0,0
1546451614051,110,HTTP Request,200,OK,http://www.example.com 1-20,text,true,,1608,116,1,1,110,0,0
1546451614161,119,HTTP Request,200,OK,http://www.example.com 1-20,text,true,,1614,116,1,1,119,0,0
1546451614280,109,HTTP Request,200,OK,http://www.example.com 1-20,text,true,,1592,116,1,1,109,0,0
1546451614390,119,HTTP Request,200,OK,http://www.example.com 1-20,text,true,,1614,116,1,1,119,0,0
1546451614510,112,HTTP Request,200,OK,http://www.example.com 1-20,text,true,,1608,116,1,1,112,0,0
1546451614623,106,HTTP Request,200,OK,http://www.example.com 1-20,text,true,,1592,116,1,1,106,0,0
1546451614730,110,HTTP Request,200,OK,http://www.example.com 1-20,text,true,,1592,116,1,1,110,0,0
1546451614840,112,HTTP Request,200,OK,http://www.example.com 1-20,text,true,,1613,116,1,1,112,0,0
1546451614953,110,HTTP Request,200,OK,http://www.example.com 1-20,text,true,,1614,116,1,1,110,0,0
1546451615063,123,HTTP Request,200,OK,http://www.example.com 1-20,text,true,,1597,116,1,1,122,0,0
1546451615186,235,HTTP Request,200,OK,http://www.example.com 1-20,text,true,,1614,116,1,1,235,0,115
1546451615421,309,HTTP Request,200,OK,http://www.example.com 1-20,text,true,,1613,116,1,1,309,0,0
1546451615730,113,HTTP Request,200,OK,http://www.example.com 1-20,text,true,,1592,116,1,1,113,0,0
1546451615844,119,HTTP Request,200,OK,http://www.example.com 1-20,text,true,,1613,116,1,1,119,0,0
1546451615963,110,HTTP Request,200,OK,http://www.example.com 1-20,text,true,,1608,116,1,1,110,0,0
1546451616073,111,HTTP Request,200,OK,http://www.example.com 1-20,text,true,,1597,116,1,1,111,0,0
1546451616184,120,HTTP Request,200,OK,http://www.example.com 1-20,text,true,,1592,116,1,1,119,0,0
1546451616304,110,HTTP Request,200,OK,http://www.example.com 1-20,text,true,,1597,116,1,1,110,0,0
1546451616414,116,HTTP Request,200,OK,http://www.example.com 1-20,text,true,,1614,116,1,1,115,0,0
1546451616530,112,HTTP Request,200,OK,http://www.example.com 1-20,text,true,,1608,116,1,1,111,0,0
1546451616642,111,HTTP Request,200,OK,http://www.example.com 1-20,text,true,,1592,116,1,1,111,0,0
1546451616754,126,HTTP Request,200,OK,http://www.example.com 1-20,text,true,,1592,116,1,1,126,0,0
1546451616880,110,HTTP Request,200,OK,http://www.example.com 1-20,text,true,,1608,116,1,1,109,0,0
1546451616990,111,HTTP Request,200,OK,http://www.example.com 1-20,text,true,,1613,116,1,1,111,0,0
1546451617101,112,HTTP Request,200,OK,http://www.example.com 1-20,text,true,,1592,116,1,1,112,0,0
1546451617213,331,HTTP Request,200,OK,http://www.example.com 1-20,text,true,,1613,116,1,1,331,0,111
1546451617545,120,HTTP Request,200,OK,http://www.example.com 1-20,text,true,,1592,116,1,1,120,0,0
1546451617665,110,HTTP Request,200,OK,http://www.example.com 1-20,text,true,,1614,116,1,1,110,0,0
1546451617775,110,HTTP Request,200,OK,http://www.example.com 1-20,text,true,,1592,116,1,1,110,0,0
1546451617886,118,HTTP Request,200,OK,http://www.example.com 1-20,text,true,,1592,116,1,1,118,0,0
1546451618004,115,HTTP Request,200,OK,http://www.example.com 1-20,text,true,,1614,116,1,1,115,0,0
1546451618120,117,HTTP Request,200,OK,http://www.example.com 1-20,text,true,,1608,116,1,1,117,0,0
1546451618237,114,HTTP Request,200,OK,http://www.example.com 1-20,text,true,,1592,116,1,1,114,0,0
1546451618351,110,HTTP Request,200,OK,http://www.example.com 1-20,text,true,,1592,116,1,1,110,0,0
1546451618461,111,HTTP Request,200,OK,http://www.example.com 1-20,text,true,,1592,116,1,1,111,0,0
1546451618572,119,HTTP Request,200,OK,http://www.example.com 1-20,text,true,,1592,116,1,1,118,0,0
1546451618691,120,HTTP Request,200,OK,http://www.example.com 1-20,text,true,,1608,116,1,1,120,0,0
1546451618811,120,HTTP Request,200,OK,http://www.example.com 1-20,text,true,,1597,116,1,1,120,0,0
1546451618931,109,HTTP Request,200,OK,http://www.example.com 1-20,text,true,,1592,116,1,1,109,0,0
1546451619040,110,HTTP Request,200,OK,http://www.example.com 1-20,text,true,,1592,116,1,1,110,0,0
1546451619150,119,HTTP Request,200,OK,http://www.example.com 1-20,text,true,,1592,116,1,1,118,0,0
1546451619269,369,HTTP Request,200,OK,http://www.example.com 1-20,text,true,,1592,116,1,1,369,0,232
1546451619638,107,HTTP Request,200,OK,http://www.example.com 1-20,text,true,,1592,116,1,1,107,0,0
1546451619746,110,HTTP Request,200,OK,http://www.example.com 1-20,text,true,,1592,116,1,1,109,0,0
1546451619856,114,HTTP Request,200,OK,http://www.example.com 1-20,text,true,,1592,116,1,1,114,0,0
1546451619970,112,HTTP Request,200,OK,http://www.example.com 1-20,text,true,,1592,116,1,1,112,0,0
1546451620082,116,HTTP Request,200,OK,http://www.example.com 1-20,text,true,,1592,116,1,1,116,0,0
1546451620199,113,HTTP Request,200,OK,http://www.example.com 1-20,text,true,,1592,116,1,1,113,0,0
1546451620313,111,HTTP Request,200,OK,http://www.example.com 1-20,text,true,,1592,116,1,1,111,0,0
1546451620424,111,HTTP Request,200,OK,http://www.example.com 1-20,text,true,,1592,116,1,1,111,0,0
1546451620535,119,HTTP Request,200,OK,http://www.example.com 1-20,text,true,,1592,116,1,1,119,0,0
1546451620655,112,HTTP Request,200,OK,http://www.example.com 1-20,text,true,,1614,116,1,1,112,0,0
1546451620768,112,HTTP Request,200,OK,http://www.example.com 1-20,text,true,,1613,116,1,1,112,0,0
1546451620880,105,HTTP Request,200,OK,http://www.example.com 1-20,text,true,,1592,116,1,1,105,0,0
1546451620986,126,HTTP Request,200,OK,http://www.example.com 1-20,text,true,,1592,116,1,1,126,0,0
1546451621113,125,HTTP Request,200,OK,http://www.example.com 1-20,text,true,,1608,116,1,1,125,0,0
1546451621239,111,HTTP Request,200,OK,http://www.example.com 1-20,text,true,,1613,116,1,1,111,0,0
1546451621350,284,HTTP Request,200,OK,http://www.example.com 1-20,text,true,,1613,116,1,1,284,0,157
1546451621635,114,HTTP Request,200,OK,http://www.example.com 1-20,text,true,,1613,116,1,1,114,0,0
1546451621749,111,HTTP Request,200,OK,http://www.example.com 1-20,text,true,,1592,116,1,1,111,0,0
1546451621861,110,HTTP Request,200,OK,http://www.example.com 1-20,text,true,,1597,116,1,1,110,0,0
1546451621971,121,HTTP Request,200,OK,http://www.example.com 1-20,text,true,,1592,116,1,1,121,0,0
1546451622092,108,HTTP Request,200,OK,http://www.example.com 1-20,text,true,,1592,116,1,1,108,0,0
1546451622200,109,HTTP Request,200,OK,http://www.example.com 1-20,text,true,,1592,116,1,1,109,0,0
1546451622309,113,HTTP Request,200,OK,http://www.example.com 1-20,text,true,,1613,116,1,1,113,0,0
1546451622422,118,HTTP Request,200,OK,http://www.example.com 1-20,text,true,,1608,116,1,1,118,0,0
1546451622541,111,HTTP Request,200,OK,http://www.example.com 1-20,text,true,,1592,116,1,1,111,0,0
1546451622652,109,HTTP Request,200,OK,http://www.example.com 1-20,text,true,,1614,116,1,1,109,0,0
1546451622762,110,HTTP Request,200,OK,http://www.example.com 1-20,text,true,,1592,116,1,1,110,0,0
1546451622872,104,HTTP Request,200,OK,http://www.example.com 1-20,text,true,,1592,116,1,1,104,0,0
1546451622976,109,HTTP Request,200,OK,http://www.example.com 1-20,text,true,,1597,116,1,1,109,0,0
1546451623085,110,HTTP Request,200,OK,http://www.example.com 1-20,text,true,,1592,116,1,1,110,0,0
1546451623195,109,HTTP Request,200,OK,http://www.example.com 1-20,text,true,,1592,116,1,1,109,0,0
1546451623305,112,HTTP Request,200,OK,http://www.example.com 1-20,text,true,,1592,116,1,1,112,0,0
1546451623417,253,HTTP Request,200,OK,http://www.example.com 1-20,text,true,,1592,116,1,1,253,0,128
1546451623670,110,HTTP Request,200,OK,http://www.example.com 1-20,text,true,,1592,116,1,1,110,0,0
1546451623780,112,HTTP Request,200,OK,http://www.example.com 1-20,text,true,,1592,116,1,1,112,0,0
1546451623892,109,HTTP Request,200,OK,http://www.example.com 1-20,text,true,,1592,116,1,1,108,0,0
1546451624001,106,HTTP Request,200,OK,http://www.example.com 1-20,text,true,,1597,116,1,1,106,0,0
1546451624108,2480,HTTP Request,200,OK,http://www.example.com 1-20,text,true,,1613,116,1,1,2479,0,0
1546451626588,239,HTTP Request,200,OK,http://www.example.com 1-20,text,true,,1592,116,1,1,239,0,122
1546451626828,108,HTTP Request,200,OK,http://www.example.com 1-20,text,true,,1592,116,1,1,108,0,0
1546451626936,110,HTTP Request,200,OK,http://www.example.com 1-20,text,true,,1613,116,1,1,110,0,0
1546451627047,109,HTTP Request,200,OK,http://www.example.com 1-20,text,true,,1592,116,1,1,109,0,0
1546451627157,108,HTTP Request,200,OK,http://www.example.com 1-20,text,true,,1597,116,1,1,107,0,0
1546451627265,107,HTTP Request,200,OK,http://www.example.com 1-20,text,true,,1608,116,1,1,107,0,0
1546451627372,114,HTTP Request,200,OK,http://www.example.com 1-20,text,true,,1592,116,1,1,114,0,0
1546451627486,110,HTTP Request,200,OK,http://www.example.com 1-20,text,true,,1592,116,1,1,110,0,0
1546451627597,111,HTTP Request,200,OK,http://www.example.com 1-20,text,true,,1592,116,1,1,111,0,0
1546451627708,110,HTTP Request,200,OK,http://www.example.com 1-20,text,true,,1613,116,1,1,110,0,0
1546451627818,114,HTTP Request,200,OK,http://www.example.com 1-20,text,true,,1592,116,1,1,113,0,0
1546451627932,125,HTTP Request,200,OK,http://www.example.com 1-20,text,true,,1592,116,1,1,125,0,0
1546451628058,118,HTTP Request,200,OK,http://www.example.com 1-20,text,true,,1592,116,1,1,118,0,0
1546451628176,105,HTTP Request,200,OK,http://www.example.com 1-20,text,true,,1592,116,1,1,105,0,0
1546451628282,111,HTTP Request,200,OK,http://www.example.com 1-20,text,true,,1592,116,1,1,111,0,0
1546451628393,106,HTTP Request,200,OK,http://www.example.com 1-20,text,true,,1592,116,1,1,106,0,0
1546451628499,117,HTTP Request,200,OK,http://www.example.com 1-20,text,true,,1592,116,1,1,117,0,0
1546451628617,242,HTTP Request,200,OK,http://www.example.com 1-20,text,true,,1613,116,1,1,241,0,120
1546451628859,108,HTTP Request,200,OK,http://www.example.com 1-20,text,true,,1592,116,1,1,108,0,0
1546451628967,126,HTTP Request,200,OK,http://www.example.com 1-20,text,true,,1592,116,1,1,126,0,0
1546451629093,114,HTTP Request,200,OK,http://www.example.com 1-20,text,true,,1592,116,1,1,114,0,0
1546451629207,116,HTTP Request,200,OK,http://www.example.com 1-20,text,true,,1592,116,1,1,116,0,0
1546451629324,110,HTTP Request,200,OK,http://www.example.com 1-20,text,true,,1592,116,1,1,110,0,0
1546451629434,121,HTTP Request,200,OK,http://www.example.com 1-20,text,true,,1592,116,1,1,121,0,0
1546451629555,107,HTTP Request,200,OK,http://www.example.com 1-20,text,true,,1592,116,1,1,107,0,0
1546451629663,113,HTTP Request,200,OK,http://www.example.com 1-20,text,true,,1614,116,1,1,113,0,0
1546451629776,107,HTTP Request,200,OK,http://www.example.com 1-20,text,true,,1592,116,1,1,107,0,0
1546451629884,104,HTTP Request,200,OK,http://www.example.com 1-20,text,true,,1592,116,1,1,104,0,0
1546451629989,136,HTTP Request,200,OK,http://www.example.com 1-20,text,true,,1592,116,1,1,136,0,0
1546451630125,120,HTTP Request,200,OK,http://www.example.com 1-20,text,true,,1597,116,1,1,120,0,0
1546451630245,109,HTTP Request,200,OK,http://www.example.com 1-20,text,true,,1592,116,1,1,108,0,0
1546451630354,116,HTTP Request,200,OK,http://www.example.com 1-20,text,true,,1592,116,1,1,116,0,0
1546451630471,104,HTTP Request,200,OK,http://www.example.com 1-20,text,true,,1592,116,1,1,104,0,0
1546451630575,109,HTTP Request,200,OK,http://www.example.com 1-20,text,true,,1592,116,1,1,109,0,0
1546451630684,245,HTTP Request,200,OK,http://www.example.com 1-20,text,true,,1613,116,1,1,243,0,127
1546451630930,118,HTTP Request,200,OK,http://www.example.com 1-20,text,true,,1613,116,1,1,118,0,0
1546451631048,113,HTTP Request,200,OK,http://www.example.com 1-20,text,true,,1592,116,1,1,113,0,0
1546451631161,114,HTTP Request,200,OK,http://www.example.com 1-20,text,true,,1592,116,1,1,114,0,0
1546451631276,119,HTTP Request,200,OK,http://www.example.com 1-20,text,true,,1597,116,1,1,118,0,0
1546451631395,114,HTTP Request,200,OK,http://www.example.com 1-20,text,true,,1592,116,1,1,114,0,0
1546451631510,108,HTTP Request,200,OK,http://www.example.com 1-20,text,true,,1597,116,1,1,108,0,0
1546451631618,117,HTTP Request,200,OK,http://www.example.com 1-20,text,true,,1592,116,1,1,117,0,0
1546451631736,110,HTTP Request,200,OK,http://www.example.com 1-20,text,true,,1592,116,1,1,110,0,0
1546451631847,114,HTTP Request,200,OK,http://www.example.com 1-20,text,true,,1592,116,1,1,114,0,0
1546451631962,127,HTTP Request,200,OK,http://www.example.com 1-20,text,true,,1608,116,1,1,126,0,0
1546451632089,108,HTTP Request,200,OK,http://www.example.com 1-20,text,true,,1614,116,1,1,108,0,0
1546451632198,117,HTTP Request,200,OK,http://www.example.com 1-20,text,true,,1608,116,1,1,117,0,0
1546451632315,121,HTTP Request,200,OK,http://www.example.com 1-20,text,true,,1608,116,1,1,121,0,0
1546451632436,129,HTTP Request,200,OK,http://www.example.com 1-20,text,true,,1592,116,1,1,129,0,0
1546451632565,110,HTTP Request,200,OK,http://www.example.com 1-20,text,true,,1592,116,1,1,110,0,0
1546451632675,119,HTTP Request,200,OK,http://www.example.com 1-20,text,true,,1592,116,1,1,118,0,0
1546451632795,225,HTTP Request,200,OK,http://www.example.com 1-20,text,true,,1592,116,1,1,224,0,111
1546451633020,115,HTTP Request,200,OK,http://www.example.com 1-20,text,true,,1592,116,1,1,115,0,0
1546451633136,113,HTTP Request,200,OK,http://www.example.com 1-20,text,true,,1592,116,1,1,113,0,0
1546451633249,120,HTTP Request,200,OK,http://www.example.com 1-20,text,true,,1592,116,1,1,120,0,0
1546451633369,110,HTTP Request,200,OK,http://www.example.com 1-20,text,true,,1592,116,1,1,110,0,0
1546451633480,106,HTTP Request,200,OK,http://www.example.com 1-20,text,true,,1592,116,1,1,106,0,0
1546451633586,119,HTTP Request,200,OK,http://www.example.com 1-20,text,true,,1592,116,1,1,119,0,0
1546451633706,110,HTTP Request,200,OK,http://www.example.com 1-20,text,true,,1592,116,1,1,110,0,0
1546451633816,129,HTTP Request,200,OK,http://www.example.com 1-20,text,true,,1592,116,1,1,128,0,0
1546451633945,110,HTTP Request,200,OK,http://www.example.com 1-20,text,true,,1614,116,1,1,108,0,0
1546451634055,105,HTTP Request,200,OK,http://www.example.com 1-20,text,true,,1597,116,1,1,105,0,0
1546451634160,119,HTTP Request,200,OK,http://www.example.com 1-20,text,true,,1592,116,1,1,119,0,0
1546451634279,115,HTTP Request,200,OK,http://www.example.com 1-20,text,true,,1592,116,1,1,115,0,0
1546451634395,116,HTTP Request,200,OK,http://www.example.com 1-20,text,true,,1592,116,1,1,116,0,0
1546451634511,112,HTTP Request,200,OK,http://www.example.com 1-20,text,true,,1608,116,1,1,111,0,0
1546451634623,110,HTTP Request,200,OK,http://www.example.com 1-20,text,true,,1592,116,1,1,110,0,0
1546451634734,106,HTTP Request,200,OK,http://www.example.com 1-20,text,true,,1592,116,1,1,106,0,0
1546451634841,232,HTTP Request,200,OK,http://www.example.com 1-20,text,true,,1592,116,1,1,232,0,110
1546451635074,111,HTTP Request,200,OK,http://www.example.com 1-20,text,true,,1614,116,1,1,110,0,0
1546451635186,112,HTTP Request,200,OK,http://www.example.com 1-20,text,true,,1592,116,1,1,112,0,0
1546451635299,117,HTTP Request,200,OK,http://www.example.com 1-20,text,true,,1592,116,1,1,117,0,0
1546451635417,110,HTTP Request,200,OK,http://www.example.com 1-20,text,true,,1614,116,1,1,110,0,0
1546451635527,112,HTTP Request,200,OK,http://www.example.com 1-20,text,true,,1608,116,1,1,111,0,0
1546451635640,110,HTTP Request,200,OK,http://www.example.com 1-20,text,true,,1592,116,1,1,110,0,0
1546451635750,114,HTTP Request,200,OK,http://www.example.com 1-20,text,true,,1613,116,1,1,114,0,0
1546451635865,119,HTTP Request,200,OK,http://www.example.com 1-20,text,true,,1592,116,1,1,119,0,0
1546451635984,138,HTTP Request,200,OK,http://www.example.com 1-20,text,true,,1597,116,1,1,137,0,0
1546451636122,112,HTTP Request,200,OK,http://www.example.com 1-20,text,true,,1592,116,1,1,112,0,0
1546451636234,110,HTTP Request,200,OK,http://www.example.com 1-20,text,true,,1592,116,1,1,109,0,0
1546451636344,107,HTTP Request,200,OK,http://www.example.com 1-20,text,true,,1597,116,1,1,107,0,0
1546451636452,125,HTTP Request,200,OK,http://www.example.com 1-20,text,true,,1608,116,1,1,125,0,0
1546451636578,115,HTTP Request,200,OK,http://www.example.com 1-20,text,true,,1592,116,1,1,115,0,0
1546451636694,119,HTTP Request,200,OK,http://www.example.com 1-20,text,true,,1614,116,1,1,119,0,0
1546451636814,109,HTTP Request,200,OK,http://www.example.com 1-20,text,true,,1608,116,1,1,109,0,0
1546451636923,234,HTTP Request,200,OK,http://www.example.com 1-20,text,true,,1592,116,1,1,232,0,111
1546451637157,114,HTTP Request,200,OK,http://www.example.com 1-20,text,true,,1614,116,1,1,114,0,0
1546451637272,115,HTTP Request,200,OK,http://www.example.com 1-20,text,true,,1613,116,1,1,115,0,0
1546451637388,110,HTTP Request,200,OK,http://www.example.com 1-20,text,true,,1613,116,1,1,110,0,0
1546451637498,110,HTTP Request,200,OK,http://www.example.com 1-20,text,true,,1613,116,1,1,108,0,0
1546451637608,110,HTTP Request,200,OK,http://www.example.com 1-20,text,true,,1592,116,1,1,110,0,0
1546451637718,122,HTTP Request,200,OK,http://www.example.com 1-20,text,true,,1592,116,1,1,122,0,0
1546451637840,119,HTTP Request,200,OK,http://www.example.com 1-20,text,true,,1608,116,1,1,119,0,0
1546451637959,118,HTTP Request,200,OK,http://www.example.com 1-20,text,true,,1592,116,1,1,117,0,0
1546451638077,112,HTTP Request,200,OK,http://www.example.com 1-20,text,true,,1592,116,1,1,112,0,0
1546451638189,119,HTTP Request,200,OK,http://www.example.com 1-20,text,true,,1592,116,1,1,119,0,0
1546451638309,110,HTTP Request,200,OK,http://www.example.com 1-20,text,true,,1608,116,1,1,110,0,0
1546451638419,124,HTTP Request,200,OK,http://www.example.com 1-20,text,true,,1613,116,1,1,124,0,0
1546451638543,116,HTTP Request,200,OK,http://www.example.com 1-20,text,true,,1592,116,1,1,116,0,0
1546451638659,113,HTTP Request,200,OK,http://www.example.com 1-20,text,true,,1592,116,1,1,113,0,0
1546451638772,112,HTTP Request,200,OK,http://www.example.com 1-20,text,true,,1592,116,1,1,112,0,0
1546451638884,114,HTTP Request,200,OK,http://www.example.com 1-20,text,true,,1592,116,1,1,114,0,0
1546451638999,228,HTTP Request,200,OK,http://www.example.com 1-20,text,true,,1613,116,1,1,228,0,111
1546451639228,125,HTTP Request,200,OK,http://www.example.com 1-20,text,true,,1613,116,1,1,125,0,0
1546451639353,121,HTTP Request,200,OK,http://www.example.com 1-20,text,true,,1592,116,1,1,121,0,0
1546451639474,107,HTTP Request,200,OK,http://www.example.com 1-20,text,true,,1597,116,1,1,107,0,0
1546451639582,117,HTTP Request,200,OK,http://www.example.com 1-20,text,true,,1608,116,1,1,117,0,0
1546451639699,126,HTTP Request,200,OK,http://www.example.com 1-20,text,true,,1592,116,1,1,126,0,0
1546451639825,117,HTTP Request,200,OK,http://www.example.com 1-20,text,true,,1592,116,1,1,117,0,0
1546451639943,110,HTTP Request,200,OK,http://www.example.com 1-20,text,true,,1592,116,1,1,110,0,0
1546451640054,117,HTTP Request,200,OK,http://www.example.com 1-20,text,true,,1592,116,1,1,117,0,0
1546451640171,119,HTTP Request,200,OK,http://www.example.com 1-20,text,true,,1592,116,1,1,119,0,0
1546451640290,115,HTTP Request,200,OK,http://www.example.com 1-20,text,true,,1613,116,1,1,115,0,0
1546451640405,114,HTTP Request,200,OK,http://www.example.com 1-20,text,true,,1613,116,1,1,114,0,0
1546451640519,111,HTTP Request,200,OK,http://www.example.com 1-20,text,true,,1592,116,1,1,111,0,0
1546451640630,121,HTTP Request,200,OK,http://www.example.com 1-20,text,true,,1597,116,1,1,119,0,0
1546451640751,111,HTTP Request,200,OK,http://www.example.com 1-20,text,true,,1592,116,1,1,111,0,0
1546451640862,110,HTTP Request,200,OK,http://www.example.com 1-20,text,true,,1592,116,1,1,110,0,0
1546451640973,109,HTTP Request,200,OK,http://www.example.com 1-20,text,true,,1608,116,1,1,109,0,0
1546451641083,232,HTTP Request,200,OK,http://www.example.com 1-20,text,true,,1592,116,1,1,232,0,115
1546451641315,109,HTTP Request,200,OK,http://www.example.com 1-20,text,true,,1608,116,1,1,109,0,0
1546451641425,117,HTTP Request,200,OK,http://www.example.com 1-20,text,true,,1608,116,1,1,117,0,0
1546451641542,117,HTTP Request,200,OK,http://www.example.com 1-20,text,true,,1592,116,1,1,117,0,0
1546451641660,145,HTTP Request,200,OK,http://www.example.com 1-20,text,true,,1592,116,1,1,145,0,0
1546451641805,108,HTTP Request,200,OK,http://www.example.com 1-20,text,true,,1613,116,1,1,108,0,0
1546451641913,111,HTTP Request,200,OK,http://www.example.com 1-20,text,true,,1592,116,1,1,111,0,0
1546451642024,111,HTTP Request,200,OK,http://www.example.com 1-20,text,true,,1597,116,1,1,111,0,0
1546451642135,108,HTTP Request,200,OK,http://www.example.com 1-20,text,true,,1592,116,1,1,108,0,0
1546451642243,110,HTTP Request,200,OK,http://www.example.com 1-20,text,true,,1614,116,1,1,110,0,0
1546451642354,109,HTTP Request,200,OK,http://www.example.com 1-20,text,true,,1608,116,1,1,109,0,0
1546451642463,111,HTTP Request,200,OK,http://www.example.com 1-20,text,true,,1592,116,1,1,111,0,0
1546451642574,107,HTTP Request,200,OK,http://www.example.com 1-20,text,true,,1592,116,1,1,107,0,0
1546451642682,128,HTTP Request,200,OK,http://www.example.com 1-20,text,true,,1608,116,1,1,126,0,0
1546451642810,109,HTTP Request,200,OK,http://www.example.com 1-20,text,true,,1613,116,1,1,109,0,0
1546451642919,114,HTTP Request,200,OK,http://www.example.com 1-20,text,true,,1592,116,1,1,114,0,0
1546451643033,140,HTTP Request,200,OK,http://www.example.com 1-20,text,true,,1592,116,1,1,140,0,0
1546451643174,224,HTTP Request,200,OK,http://www.example.com 1-20,text,true,,1592,116,1,1,224,0,110
1546451643398,108,HTTP Request,200,OK,http://www.example.com 1-20,text,true,,1592,116,1,1,108,0,0
1546451643506,115,HTTP Request,200,OK,http://www.example.com 1-20,text,true,,1592,116,1,1,115,0,0
1546451643621,106,HTTP Request,200,OK,http://www.example.com 1-20,text,true,,1592,116,1,1,106,0,0
1546451643727,116,HTTP Request,200,OK,http://www.example.com 1-20,text,true,,1592,116,1,1,116,0,0
1546451643843,125,HTTP Request,200,OK,http://www.example.com 1-20,text,true,,1597,116,1,1,125,0,0
1546451643968,112,HTTP Request,200,OK,http://www.example.com 1-20,text,true,,1608,116,1,1,112,0,0
1546451644080,119,HTTP Request,200,OK,http://www.example.com 1-20,text,true,,1592,116,1,1,119,0,0
1546451644199,115,HTTP Request,200,OK,http://www.example.com 1-20,text,true,,1592,116,1,1,115,0,0
1546451644315,106,HTTP Request,200,OK,http://www.example.com 1-20,text,true,,1613,116,1,1,106,0,0
1546451644422,104,HTTP Request,200,OK,http://www.example.com 1-20,text,true,,1614,116,1,1,104,0,0
1546451644527,108,HTTP Request,200,OK,http://www.example.com 1-20,text,true,,1608,116,1,1,108,0,0
1546451644636,108,HTTP Request,200,OK,http://www.example.com 1-20,text,true,,1592,116,1,1,108,0,0
1546451644744,117,HTTP Request,200,OK,http://www.example.com 1-20,text,true,,1592,116,1,1,117,0,0
1546451644861,116,HTTP Request,200,OK,http://www.example.com 1-20,text,true,,1592,116,1,1,116,0,0
1546451644978,107,HTTP Request,200,OK,http://www.example.com 1-20,text,true,,1592,116,1,1,107,0,0
1546451645085,119,HTTP Request,200,OK,http://www.example.com 1-20,text,true,,1614,116,1,1,119,0,0
1546451645205,239,HTTP Request,200,OK,http://www.example.com 1-20,text,true,,1592,116,1,1,239,0,122
1546451645444,111,HTTP Request,200,OK,http://www.example.com 1-20,text,true,,1592,116,1,1,111,0,0
1546451645555,110,HTTP Request,200,OK,http://www.example.com 1-20,text,true,,1592,116,1,1,110,0,0
1546451645666,106,HTTP Request,200,OK,http://www.example.com 1-20,text,true,,1597,116,1,1,106,0,0
1546451645772,112,HTTP Request,200,OK,http://www.example.com 1-20,text,true,,1597,116,1,1,112,0,0
1546451645884,111,HTTP Request,200,OK,http://www.example.com 1-20,text,true,,1614,116,1,1,111,0,0
1546451645995,108,HTTP Request,200,OK,http://www.example.com 1-20,text,true,,1592,116,1,1,108,0,0
1546451646103,112,HTTP Request,200,OK,http://www.example.com 1-20,text,true,,1592,116,1,1,112,0,0
1546451646215,111,HTTP Request,200,OK,http://www.example.com 1-20,text,true,,1608,116,1,1,111,0,0
1546451646327,115,HTTP Request,200,OK,http://www.example.com 1-20,text,true,,1597,116,1,1,115,0,0
1546451646442,121,HTTP Request,200,OK,http://www.example.com 1-20,text,true,,1592,116,1,1,121,0,0
1546451646563,112,HTTP Request,200,OK,http://www.example.com 1-20,text,true,,1613,116,1,1,112,0,0
1546451646675,108,HTTP Request,200,OK,http://www.example.com 1-20,text,true,,1608,116,1,1,107,0,0
1546451646783,122,HTTP Request,200,OK,http://www.example.com 1-20,text,true,,1613,116,1,1,122,0,0
1546451646905,110,HTTP Request,200,OK,http://www.example.com 1-20,text,true,,1592,116,1,1,110,0,0
1546451647015,108,HTTP Request,200,OK,http://www.example.com 1-20,text,true,,1592,116,1,1,108,0,0
1546451647124,109,HTTP Request,200,OK,http://www.example.com 1-20,text,true,,1592,116,1,1,108,0,0
1546451647233,234,HTTP Request,200,OK,http://www.example.com 1-20,text,true,,1592,116,1,1,234,0,118
1546451647468,115,HTTP Request,200,OK,http://www.example.com 1-20,text,true,,1608,116,1,1,115,0,0
1546451647583,115,HTTP Request,200,OK,http://www.example.com 1-20,text,true,,1592,116,1,1,115,0,0
1546451647698,120,HTTP Request,200,OK,http://www.example.com 1-20,text,true,,1592,116,1,1,120,0,0
1546451647818,108,HTTP Request,200,OK,http://www.example.com 1-20,text,true,,1614,116,1,1,108,0,0
1546451647926,108,HTTP Request,200,OK,http://www.example.com 1-20,text,true,,1592,116,1,1,108,0,0
1546451648034,141,HTTP Request,200,OK,http://www.example.com 1-20,text,true,,1592,116,1,1,138,0,0
1546451648175,108,HTTP Request,200,OK,http://www.example.com 1-20,text,true,,1614,116,1,1,108,0,0
1546451648283,118,HTTP Request,200,OK,http://www.example.com 1-20,text,true,,1592,116,1,1,118,0,0
1546451648401,113,HTTP Request,200,OK,http://www.example.com 1-20,text,true,,1613,116,1,1,112,0,0
1546451648514,114,HTTP Request,200,OK,http://www.example.com 1-20,text,true,,1592,116,1,1,114,0,0
1546451648628,118,HTTP Request,200,OK,http://www.example.com 1-20,text,true,,1592,116,1,1,118,0,0
1546451648747,110,HTTP Request,200,OK,http://www.example.com 1-20,text,true,,1592,116,1,1,110,0,0
1546451648857,117,HTTP Request,200,OK,http://www.example.com 1-20,text,true,,1608,116,1,1,117,0,0
1546451648974,113,HTTP Request,200,OK,http://www.example.com 1-20,text,true,,1592,116,1,1,113,0,0
1546451649087,117,HTTP Request,200,OK,http://www.example.com 1-20,text,true,,1592,116,1,1,117,0,0
1546451649204,110,HTTP Request,200,OK,http://www.example.com 1-20,text,true,,1613,116,1,1,110,0,0
1546451649314,240,HTTP Request,200,OK,http://www.example.com 1-20,text,true,,1592,116,1,1,240,0,111
1546451649554,130,HTTP Request,200,OK,http://www.example.com 1-20,text,true,,1592,116,1,1,130,0,0
1546451649684,113,HTTP Request,200,OK,http://www.example.com 1-20,text,true,,1592,116,1,1,113,0,0
1546451649798,113,HTTP Request,200,OK,http://www.example.com 1-20,text,true,,1597,116,1,1,113,0,0
1546451649911,105,HTTP Request,200,OK,http://www.example.com 1-20,text,true,,1592,116,1,1,105,0,0
1546451650017,108,HTTP Request,200,OK,http://www.example.com 1-20,text,true,,1613,116,1,1,108,0,0
1546451650125,120,HTTP Request,200,OK,http://www.example.com 1-20,text,true,,1592,116,1,1,120,0,0
1546451650245,113,HTTP Request,200,OK,http://www.example.com 1-20,text,true,,1592,116,1,1,113,0,0
1546451650359,119,HTTP Request,200,OK,http://www.example.com 1-20,text,true,,1592,116,1,1,119,0,0
1546451650478,111,HTTP Request,200,OK,http://www.example.com 1-20,text,true,,1614,116,1,1,111,0,0
1546451650589,109,HTTP Request,200,OK,http://www.example.com 1-20,text,true,,1597,116,1,1,109,0,0
1546451650698,109,HTTP Request,200,OK,http://www.example.com 1-20,text,true,,1613,116,1,1,109,0,0
1546451650808,119,HTTP Request,200,OK,http://www.example.com 1-20,text,true,,1592,116,1,1,119,0,0
1546451650928,117,HTTP Request,200,OK,http://www.example.com 1-20,text,true,,1597,116,1,1,117,0,0
1546451651045,114,HTTP Request,200,OK,http://www.example.com 1-20,text,true,,1608,116,1,1,114,0,0
1546451651160,113,HTTP Request,200,OK,http://www.example.com 1-20,text,true,,1592,116,1,1,113,0,0
1546451651273,115,HTTP Request,200,OK,http://www.example.com 1-20,text,true,,1614,116,1,1,115,0,0
1546451651389,324,HTTP Request,200,OK,http://www.example.com 1-20,text,true,,1592,116,1,1,324,0,119
1546451651713,115,HTTP Request,200,OK,http://www.example.com 1-20,text,true,,1592,116,1,1,115,0,0
1546451651828,113,HTTP Request,200,OK,http://www.example.com 1-20,text,true,,1592,116,1,1,113,0,0
1546451651941,107,HTTP Request,200,OK,http://www.example.com 1-20,text,true,,1614,116,1,1,107,0,0
1546451652049,119,HTTP Request,200,OK,http://www.example.com 1-20,text,true,,1614,116,1,1,119,0,0
1546451652169,120,HTTP Request,200,OK,http://www.example.com 1-20,text,true,,1608,116,1,1,120,0,0
1546451652289,112,HTTP Request,200,OK,http://www.example.com 1-20,text,true,,1592,116,1,1,112,0,0
1546451652401,113,HTTP Request,200,OK,http://www.example.com 1-20,text,true,,1592,116,1,1,113,0,0
1546451652514,112,HTTP Request,200,OK,http://www.example.com 1-20,text,true,,1614,116,1,1,107,0,0
1546451652627,119,HTTP Request,200,OK,http://www.example.com 1-20,text,true,,1608,116,1,1,119,0,0
1546451652747,112,HTTP Request,200,OK,http://www.example.com 1-20,text,true,,1592,116,1,1,111,0,0
1546451652859,111,HTTP Request,200,OK,http://www.example.com 1-20,text,true,,1597,116,1,1,111,0,0
1546451652970,110,HTTP Request,200,OK,http://www.example.com 1-20,text,true,,1608,116,1,1,110,0,0
1546451653080,109,HTTP Request,200,OK,http://www.example.com 1-20,text,true,,1592,116,1,1,109,0,0
1546451653189,110,HTTP Request,200,OK,http://www.example.com 1-20,text,true,,1592,116,1,1,110,0,0
1546451653299,113,HTTP Request,200,OK,http://www.example.com 1-20,text,true,,1592,116,1,1,113,0,0
1546451653412,335,HTTP Request,200,OK,http://www.example.com 1-20,text,true,,1592,116,1,1,333,0,134
1546451653746,112,HTTP Request,200,OK,http://www.example.com 1-20,text,true,,1614,116,1,1,112,0,0
1546451653858,113,HTTP Request,200,OK,http://www.example.com 1-20,text,true,,1608,116,1,1,113,0,0
1546451653971,109,HTTP Request,200,OK,http://www.example.com 1-20,text,true,,1592,116,1,1,109,0,0
1546451654080,106,HTTP Request,200,OK,http://www.example.com 1-20,text,true,,1613,116,1,1,106,0,0
1546451654186,109,HTTP Request,200,OK,http://www.example.com 1-20,text,true,,1608,116,1,1,109,0,0
1546451654296,105,HTTP Request,200,OK,http://www.example.com 1-20,text,true,,1597,116,1,1,105,0,0
1546451654401,135,HTTP Request,200,OK,http://www.example.com 1-20,text,true,,1592,116,1,1,135,0,0
1546451654537,110,HTTP Request,200,OK,http://www.example.com 1-20,text,true,,1592,116,1,1,110,0,0
1546451654648,110,HTTP Request,200,OK,http://www.example.com 1-20,text,true,,1597,116,1,1,110,0,0
1546451654759,108,HTTP Request,200,OK,http://www.example.com 1-20,text,true,,1608,116,1,1,108,0,0
1546451654867,104,HTTP Request,200,OK,http://www.example.com 1-20,text,true,,1592,116,1,1,104,0,0
1546451654972,104,HTTP Request,200,OK,http://www.example.com 1-20,text,true,,1592,116,1,1,104,0,0
1546451655077,119,HTTP Request,200,OK,http://www.example.com 1-20,text,true,,1614,116,1,1,119,0,0
1546451655196,110,HTTP Request,200,OK,http://www.example.com 1-20,text,true,,1613,116,1,1,110,0,0
1546451655307,119,HTTP Request,200,OK,http://www.example.com 1-20,text,true,,1592,116,1,1,119,0,0
1546451655426,259,HTTP Request,200,OK,http://www.example.com 1-20,text,true,,1592,116,1,1,259,0,143
1546451655685,112,HTTP Request,200,OK,http://www.example.com 1-20,text,true,,1592,116,1,1,111,0,0
1546451655797,104,HTTP Request,200,OK,http://www.example.com 1-20,text,true,,1592,116,1,1,104,0,0
1546451655901,108,HTTP Request,200,OK,http://www.example.com 1-20,text,true,,1597,116,1,1,108,0,0
1546451656010,107,HTTP Request,200,OK,http://www.example.com 1-20,text,true,,1592,116,1,1,107,0,0
1546451656118,112,HTTP Request,200,OK,http://www.example.com 1-20,text,true,,1614,116,1,1,112,0,0
1546451656230,107,HTTP Request,200,OK,http://www.example.com 1-20,text,true,,1592,116,1,1,107,0,0
1546451656337,110,HTTP Request,200,OK,http://www.example.com 1-20,text,true,,1592,116,1,1,110,0,0
1546451656447,109,HTTP Request,200,OK,http://www.example.com 1-20,text,true,,1592,116,1,1,109,0,0
1546451656556,114,HTTP Request,200,OK,http://www.example.com 1-20,text,true,,1614,116,1,1,114,0,0
1546451656670,121,HTTP Request,200,OK,http://www.example.com 1-20,text,true,,1597,116,1,1,121,0,0
1546451656791,119,HTTP Request,200,OK,http://www.example.com 1-20,text,true,,1592,116,1,1,119,0,0
1546451656910,117,HTTP Request,200,OK,http://www.example.com 1-20,text,true,,1613,116,1,1,117,0,0
1546451657027,116,HTTP Request,200,OK,http://www.example.com 1-20,text,true,,1608,116,1,1,116,0,0
1546451657143,119,HTTP Request,200,OK,http://www.example.com 1-20,text,true,,1613,116,1,1,119,0,0
1546451657262,112,HTTP Request,200,OK,http://www.example.com 1-20,text,true,,1608,116,1,1,112,0,0
1546451657374,117,HTTP Request,200,OK,http://www.example.com 1-20,text,true,,1592,116,1,1,117,0,0
1546451657492,268,HTTP Request,200,OK,http://www.example.com 1-20,text,true,,1614,116,1,1,268,0,152
1546451657761,107,HTTP Request,200,OK,http://www.example.com 1-20,text,true,,1597,116,1,1,107,0,0
1546451657869,111,HTTP Request,200,OK,http://www.example.com 1-20,text,true,,1592,116,1,1,111,0,0
1546451657981,120,HTTP Request,200,OK,http://www.example.com 1-20,text,true,,1613,116,1,1,120,0,0
1546451658101,111,HTTP Request,200,OK,http://www.example.com 1-20,text,true,,1592,116,1,1,111,0,0
1546451658212,119,HTTP Request,200,OK,http://www.example.com 1-20,text,true,,1614,116,1,1,119,0,0
1546451658331,119,HTTP Request,200,OK,http://www.example.com 1-20,text,true,,1597,116,1,1,119,0,0
1546451658450,121,HTTP Request,200,OK,http://www.example.com 1-20,text,true,,1613,116,1,1,121,0,0
1546451658571,122,HTTP Request,200,OK,http://www.example.com 1-20,text,true,,1592,116,1,1,122,0,0
